model,cv_macro_f1_mean,cv_macro_f1_std,cv_balacc_mean,cv_balacc_std
SVM RBF (base),0.979475451652959,0.012156258585461252,0.9789563932633184,0.008841734269154333
LogReg (base),0.9766101162251154,0.008699783296876408,0.9831562507844887,0.00937053656940513
RF (base),0.973729596687306,0.013361521818428621,0.9621674740473004,0.01830312773612177
Dummy,0.32330072560155587,0.020355417035439843,0.3241841407435747,0.020306853935925108
