class_id,class_name,ECE,ECE_macro
1,Normal,0.0067,0.005399999999999999
2,Suspect,0.0066,0.005399999999999999
3,Pathologic,0.0029,0.005399999999999999
