,precision,recall,f1-score,support
Normal,0.9897404948702474,0.9951456310679612,0.9924357034795764,1648.0
Suspect,0.971830985915493,0.9419795221843004,0.9566724436741768,293.0
Pathologic,0.9885714285714285,0.9885714285714285,0.9885714285714285,175.0
accuracy,0.9872400756143668,0.9872400756143668,0.9872400756143668,0.9872400756143668
macro avg,0.9833809697857229,0.97523219394123,0.9792265252417273,2116.0
weighted avg,0.9871639009543512,0.9872400756143668,0.98716401953255,2116.0
